MICROSOFT,,,,,,,,,,,,,,,
Quarter,Operating Cash Flow,Capital Expenditure,Share Buybacks,,Company,Quarter,Operating Cash Flow,Capital Expenditure,Share Buybacks,,company,quarter,ocf_bn,capex_bn,buybacks_bn
Q1 2024,"31,917,000,000","10,952,000,000","4,213,000,000",,Microsoft,Q1 2024,"31,917,000,000","10,952,000,000","4,213,000,000",,Microsoft,Q1 2024,31.92,10.95,4.21
Q2 2024,"37,195,000,000","13,873,000,000","4,210,000,000",,Amazon,Q1 2024,"18,989,000,000","14,925,000,000",0,,Amazon,Q1 2024,18.99,14.93,0
Q3 2024,"34,180,000,000","14,923,000,000","4,107,000,000",,Meta,Q1 2024,"19,246,000,000","6,400,000,000","15,008,000,000",,Meta,Q1 2024,19.25,6.4,15.01
Q4 2024,"22,291,000,000","15,804,000,000","4,986,000,000",,Google,Q1 2024,"28,848,000,000","12,012,000,000","15,696,000,000",,Google,Q1 2024,28.85,12.01,15.7
Q1 2025,"37,044,000,000","16,745,000,000","4,781,000,000",,Oracle,Q1 2024,"6,081,000,000","2,798,000,000","327,000,000",,Oracle,Q1 2024,6.08,2.8,0.33
Q2 2025,"42,647,000,000","17,079,000,000","4,546,000,000",,Microsoft,Q2 2024,"37,195,000,000","13,873,000,000","4,210,000,000",,Microsoft,Q2 2024,37.2,13.87,4.21
Q3 2025,"45,057,000,000","19,394,000,000","5,650,000,000",,Amazon,Q2 2024,"25,281,000,000","17,620,000,000",0,,Amazon,Q2 2024,25.28,17.62,0
Q4 2025,"35,758,000,000","29,876,000,000","7,415,000,000",,Meta,Q2 2024,"19,370,000,000","8,173,000,000","6,299,000,000",,Meta,Q2 2024,19.37,8.17,6.3
Q1 2026,"46,679,000,000","30,876,000,000","4,627,000,000",,Google,Q2 2024,"19,370,000,000","8,173,000,000","6,299,000,000",,Google,Q2 2024,26.64,13.19,15.68
,,,,,Oracle,Q2 2024,"7,427,000,000","2,303,000,000","1,001,000,000",,Oracle,Q2 2024,7.43,2.3,1
,,,,,Microsoft,Q3 2024,"34,180,000,000","14,923,000,000","4,107,000,000",,Microsoft,Q3 2024,34.18,14.92,4.11
,,,,,Amazon,Q3 2024,"25,971,000,000","22,620,000,000",0,,Amazon,Q3 2024,25.97,22.62,0
AMAZON,,,,,Meta,Q3 2024,"24,724,000,000","8,258,000,000","8,818,000,000",,Meta,Q3 2024,24.72,8.26,8.82
Quarter,Operating Cash Flow,Capital Expenditure,Share Buybacks,,Google,Q3 2024,"30,698,000,000","13,061,000,000","15,291,000,000",,Google,Q3 2024,30.7,13.06,15.29
Q1 2024,"18,989,000,000","14,925,000,000",0,,Oracle,Q3 2024,"1,304,000,000","3,970,000,000","197,000,000",,Oracle,Q3 2024,1.3,3.97,0.2
Q2 2024,"25,281,000,000","17,620,000,000",0,,Microsoft,Q4 2024,"22,291,000,000","15,804,000,000","4,986,000,000",,Microsoft,Q4 2024,22.29,15.8,4.99
Q3 2024,"25,971,000,000","22,620,000,000",0,,Amazon,Q4 2024,"45,636,000,000","27,834,000,000",0,,Amazon,Q4 2024,45.64,27.83,0
Q4 2024,"45,636,000,000","27,834,000,000",0,,Meta,Q4 2024,"27,988,000,000","14,425,000,000",0,,Meta,Q4 2024,27.99,14.43,0
Q1 2025,"17,015,000,000","25,019,000,000",0,,Google,Q4 2024,"39,113,000,000","14,276,000,000","15,551,000,000",,Google,Q4 2024,39.11,14.28,15.55
Q2 2025,"32,515,000,000","32,183,000,000",0,,Oracle,Q4 2024,"5,933,000,000","5,862,000,000","152,000,000",,Oracle,Q4 2024,5.93,5.86,0.15
Q3 2025,"35,525,000,000","35,095,000,000",0,,Microsoft,Q1 2025,"37,044,000,000","16,745,000,000","4,781,000,000",,Microsoft,Q1 2025,37.04,16.75,4.78
Q4 2025,"54,459,000,000","39,522,000,000",0,,Amazon,Q1 2025,"17,015,000,000","25,019,000,000",0,,Amazon,Q1 2025,17.02,25.02,0
Q1 2026,"26,032,000,000","44,203,000,000",0,,Meta,Q1 2025,"24,026,000,000","12,941,000,000","12,754,000,000",,Meta,Q1 2025,24.03,12.94,12.75
,,,,,Google,Q1 2025,"36,150,000,000","17,197,000,000","15,068,000,000",,Google,Q1 2025,36.15,17.2,15.07
,,,,,Oracle,Q1 2025,"6,157,000,000","9,080,000,000","150,000,000",,Oracle,Q1 2025,6.16,9.08,0.15
,,,,,Microsoft,Q2 2025,"42,647,000,000","17,079,000,000","4,546,000,000",,Microsoft,Q2 2025,42.65,17.08,4.55
META,,,,,Amazon,Q2 2025,"32,515,000,000","32,183,000,000",0,,Amazon,Q2 2025,32.52,32.18,0
Quarter,Operating Cash Flow,Capital Expenditure,Share Buybacks,,Meta,Q2 2025,"25,561,000,000","16,538,000,000","10,167,000,000",,Meta,Q2 2025,25.56,16.54,10.17
Q1 2024,"19,246,000,000","6,400,000,000","15,008,000,000",,Google,Q2 2025,"27,747,000,000","22,446,000,000","13,638,000,000",,Google,Q2 2025,27.75,22.45,13.64
Q2 2024,"19,370,000,000","8,173,000,000","6,299,000,000",,Oracle,Q2 2025,"8,140,000,000","8,502,000,000","112,000,000",,Oracle,Q2 2025,8.14,8.5,0.11
Q3 2024,"24,724,000,000","8,258,000,000","8,818,000,000",,Microsoft,Q3 2025,"45,057,000,000","19,394,000,000","5,650,000,000",,Microsoft,Q3 2025,45.06,19.39,5.65
Q4 2024,"27,988,000,000","14,425,000,000",0,,Amazon,Q3 2025,"35,525,000,000","35,095,000,000",0,,Amazon,Q3 2025,35.53,35.1,0
Q1 2025,"24,026,000,000","12,941,000,000","12,754,000,000",,Meta,Q3 2025,"29,999,000,000","18,829,000,000","3,327,000,000",,Meta,Q3 2025,30,18.83,3.33
Q2 2025,"25,561,000,000","16,538,000,000","10,167,000,000",,Google,Q3 2025,"48,414,000,000","23,953,000,000","11,504,000,000",,Google,Q3 2025,48.41,23.95,11.5
Q3 2025,"29,999,000,000","18,829,000,000","3,327,000,000",,Oracle,Q3 2025,"2,066,000,000","12,033,000,000","92,000,000",,Oracle,Q3 2025,2.07,12.03,0.09
Q4 2025,"36,214,000,000","21,383,000,000",0,,Microsoft,Q4 2025,"35,758,000,000","29,876,000,000","7,415,000,000",,Microsoft,Q4 2025,35.76,29.88,7.42
Q1 2026,"32,226,000,000","18,997,000,000",0,,Amazon,Q4 2025,"54,459,000,000","39,522,000,000",0,,Amazon,Q4 2025,54.46,39.52,0
,,,,,Meta,Q4 2025,"36,214,000,000","21,383,000,000",0,,Meta,Q4 2025,36.21,21.38,0
,,,,,Google,Q4 2025,"52,402,000,000","27,851,000,000","5,499,000,000",,Google,Q4 2025,52.4,27.85,5.5
,,,,,Oracle,Q4 2025,"7,151,000,000","18,635,000,000","2,000,000",,Oracle,Q4 2025,7.15,18.64,0
GOOGLE,,,,,Microsoft,Q1 2026,"46,679,000,000","30,876,000,000","4,627,000,000",,Microsoft,Q1 2026,46.68,30.88,4.63
Quarter,Operating Cash Flow,Capital Expenditure,Share Buybacks,,Amazon,Q1 2026,"26,032,000,000","44,203,000,000",0,,Amazon,Q1 2026,26.03,44.2,0
Q1 2024,"28,848,000,000","12,012,000,000","15,696,000,000",,Meta,Q1 2026,"32,226,000,000","18,997,000,000",0,,Meta,Q1 2026,32.23,19,0
Q2 2024,"26,640,000,000","13,186,000,000","15,684,000,000",,Google,Q1 2026,"45,790,000,000","35,674,000,000",0,,Google,Q1 2026,45.79,35.67,0
Q3 2024,"30,698,000,000","13,061,000,000","15,291,000,000",,Oracle,Q1 2026,"14,620,000,000","16,493,000,000",0,,Oracle,Q1 2026,14.62,16.49,0
Q4 2024,"39,113,000,000","14,276,000,000","15,551,000,000",,,,,,,,,,,,
Q1 2025,"36,150,000,000","17,197,000,000","15,068,000,000",,,,,,,,,,,,
Q2 2025,"27,747,000,000","22,446,000,000","13,638,000,000",,,,,,,,,,,,
Q3 2025,"48,414,000,000","23,953,000,000","11,504,000,000",,,,,,,,,,,,
Q4 2025,"52,402,000,000","27,851,000,000","5,499,000,000",,,,,,,,,,,,
Q1 2026,"45,790,000,000","35,674,000,000",0,,,,,,,,,,,,
,,,,,,,,,,,,,,,
,,,,,,,,,,,,,,,
,,,,,,,,,,,,,,,
ORACLE,,,,,,,,,,,,,,,
Quarter,Operating Cash Flow,Capital Expenditure,Share Buybacks,,,,,,,,,,,,
Q1 2024,"6,081,000,000","2,798,000,000","327,000,000",,,,,,,,,,,,
Q2 2024,"7,427,000,000","2,303,000,000","1,001,000,000",,,,,,,,,,,,
Q3 2024,"1,304,000,000","3,970,000,000","197,000,000",,,,,,,,,,,,
Q4 2024,"5,933,000,000","5,862,000,000","152,000,000",,,,,,,,,,,,
Q1 2025,"6,157,000,000","9,080,000,000","150,000,000",,,,,,,,,,,,
Q2 2025,"8,140,000,000","8,502,000,000","112,000,000",,,,,,,,,,,,
Q3 2025,"2,066,000,000","12,033,000,000","92,000,000",,,,,,,,,,,,
Q4 2025,"7,151,000,000","18,635,000,000","2,000,000",,,,,,,,,,,,
Q1 2026,"14,620,000,000","16,493,000,000",0,,,,,,,,,,,,
