Revenue,Quarter,NVIDIA's quarterly revenue,NVIDIA's quarterly revenue (billion)
Data centers and AI,Q1 2014,57000000,0.057
Data centers and AI,Q2 2014,83000000,0.083
Data centers and AI,Q3 2014,89000000,0.089
Data centers and AI,Q4 2014,88000000,0.088
Data centers and AI,Q1 2015,88000000,0.088
Data centers and AI,Q2 2015,72000000,0.072
Data centers and AI,Q3 2015,82000000,0.082
Data centers and AI,Q4 2015,97000000,0.097
Data centers and AI,Q1 2016,143000000,0.143
Data centers and AI,Q2 2016,151000000,0.151
Data centers and AI,Q3 2016,240000000,0.24
Data centers and AI,Q4 2016,296000000,0.296
Data centers and AI,Q1 2017,409000000,0.409
Data centers and AI,Q2 2017,416000000,0.416
Data centers and AI,Q3 2017,501000000,0.501
Data centers and AI,Q4 2017,606000000,0.606
Data centers and AI,Q1 2018,701000000,0.701
Data centers and AI,Q2 2018,760000000,0.76
Data centers and AI,Q3 2018,792000000,0.792
Data centers and AI,Q4 2018,679000000,0.679
Data centers and AI,Q1 2019,634000000,0.634
Data centers and AI,Q2 2019,655000000,0.655
Data centers and AI,Q3 2019,726000000,0.726
Data centers and AI,Q4 2019,968000000,0.968
Data centers and AI,Q1 2020,1141000000,1.141
Data centers and AI,Q2 2020,1752000000,1.752
Data centers and AI,Q3 2020,1900000000,1.9
Data centers and AI,Q4 2020,1903000000,1.903
Data centers and AI,Q1 2021,2048000000,2.048
Data centers and AI,Q2 2021,2366000000,2.366
Data centers and AI,Q3 2021,2936000000,2.936
Data centers and AI,Q4 2021,3263000000,3.263
Data centers and AI,Q1 2022,3750000000,3.75
Data centers and AI,Q2 2022,3806000000,3.806
Data centers and AI,Q3 2022,3833000000,3.833
Data centers and AI,Q4 2022,3616000000,3.616
Data centers and AI,Q1 2023,4284000000,4.284
Data centers and AI,Q2 2023,10323000000,10.323
Data centers and AI,Q3 2023,14514000000,14.514
Data centers and AI,Q4 2023,18404000000,18.404
Data centers and AI,Q1 2024,22563000000,22.563
Data centers and AI,Q2 2024,26272000000,26.272
Data centers and AI,Q3 2024,30771000000,30.771
Data centers and AI,Q4 2024,35580000000,35.58
Data centers and AI,Q1 2025,39112000000,39.112
Data centers and AI,Q2 2025,41096000000,41.096
Data centers and AI,Q3 2025,51215000000,51.215
Data centers and AI,Q4 2025,62314000000,62.314
Data centers and AI,Q1 2026,75246000000,75.246
,,,
Revenue,Quarter,NVIDIA's quarterly revenue,NVIDIA's quarterly revenue (billion)
"Gaming, devices, automotive",Q1 2014,1046000000,1.046
"Gaming, devices, automotive",Q2 2014,1020000000,1.02
"Gaming, devices, automotive",Q3 2014,1136000000,1.136
"Gaming, devices, automotive",Q4 2014,1163000000,1.163
"Gaming, devices, automotive",Q1 2015,1063000000,1.063
"Gaming, devices, automotive",Q2 2015,1081000000,1.081
"Gaming, devices, automotive",Q3 2015,1223000000,1.223
"Gaming, devices, automotive",Q4 2015,1304000000,1.304
"Gaming, devices, automotive",Q1 2016,1162000000,1.162
"Gaming, devices, automotive",Q2 2016,1277000000,1.277
"Gaming, devices, automotive",Q3 2016,1764000000,1.764
"Gaming, devices, automotive",Q4 2016,1877000000,1.877
"Gaming, devices, automotive",Q1 2017,1528000000,1.528
"Gaming, devices, automotive",Q2 2017,1814000000,1.814
"Gaming, devices, automotive",Q3 2017,2135000000,2.135
"Gaming, devices, automotive",Q4 2017,2305000000,2.305
"Gaming, devices, automotive",Q1 2018,2506000000,2.506
"Gaming, devices, automotive",Q2 2018,2363000000,2.363
"Gaming, devices, automotive",Q3 2018,2389000000,2.389
"Gaming, devices, automotive",Q4 2018,1526000000,1.526
"Gaming, devices, automotive",Q1 2019,1586000000,1.586
"Gaming, devices, automotive",Q2 2019,1924000000,1.924
"Gaming, devices, automotive",Q3 2019,2288000000,2.288
"Gaming, devices, automotive",Q4 2019,2137000000,2.137
"Gaming, devices, automotive",Q1 2020,1939000000,1.939
"Gaming, devices, automotive",Q2 2020,2114000000,2.114
"Gaming, devices, automotive",Q3 2020,2826000000,2.826
"Gaming, devices, automotive",Q4 2020,3100000000,3.1
"Gaming, devices, automotive",Q1 2021,3613000000,3.613
"Gaming, devices, automotive",Q2 2021,4141000000,4.141
"Gaming, devices, automotive",Q3 2021,4167000000,4.167
"Gaming, devices, automotive",Q4 2021,4380000000,4.38
"Gaming, devices, automotive",Q1 2022,4538000000,4.538
"Gaming, devices, automotive",Q2 2022,2898000000,2.898
"Gaming, devices, automotive",Q3 2022,2098000000,2.098
"Gaming, devices, automotive",Q4 2022,2435000000,2.435
"Gaming, devices, automotive",Q1 2023,2908000000,2.908
"Gaming, devices, automotive",Q2 2023,3184000000,3.184
"Gaming, devices, automotive",Q3 2023,3606000000,3.606
"Gaming, devices, automotive",Q4 2023,3699000000,3.699
"Gaming, devices, automotive",Q1 2024,3481000000,3.481
"Gaming, devices, automotive",Q2 2024,3768000000,3.768
"Gaming, devices, automotive",Q3 2024,4311000000,4.311
"Gaming, devices, automotive",Q4 2024,3751000000,3.751
"Gaming, devices, automotive",Q1 2025,4950000000,4.95
"Gaming, devices, automotive",Q2 2025,5647000000,5.647
"Gaming, devices, automotive",Q3 2025,5791000000,5.791
"Gaming, devices, automotive",Q4 2025,5813000000,5.813
"Gaming, devices, automotive",Q1 2026,6369000000,6.369
,,,
Revenue,Quarter,NVIDIA's quarterly revenue,NVIDIA's quarterly revenue (billion)
Total,Q1 2014,1103000000,1.103
Total,Q2 2014,1103000000,1.103
Total,Q3 2014,1225000000,1.225
Total,Q4 2014,1251000000,1.251
Total,Q1 2015,1151000000,1.151
Total,Q2 2015,1153000000,1.153
Total,Q3 2015,1305000000,1.305
Total,Q4 2015,1401000000,1.401
Total,Q1 2016,1305000000,1.305
Total,Q2 2016,1428000000,1.428
Total,Q3 2016,2004000000,2.004
Total,Q4 2016,2173000000,2.173
Total,Q1 2017,1937000000,1.937
Total,Q2 2017,2230000000,2.23
Total,Q3 2017,2636000000,2.636
Total,Q4 2017,2911000000,2.911
Total,Q1 2018,3207000000,3.207
Total,Q2 2018,3123000000,3.123
Total,Q3 2018,3181000000,3.181
Total,Q4 2018,2205000000,2.205
Total,Q1 2019,2220000000,2.22
Total,Q2 2019,2579000000,2.579
Total,Q3 2019,3014000000,3.014
Total,Q4 2019,3105000000,3.105
Total,Q1 2020,3080000000,3.08
Total,Q2 2020,3866000000,3.866
Total,Q3 2020,4726000000,4.726
Total,Q4 2020,5003000000,5.003
Total,Q1 2021,5661000000,5.661
Total,Q2 2021,6507000000,6.507
Total,Q3 2021,7103000000,7.103
Total,Q4 2021,7643000000,7.643
Total,Q1 2022,8288000000,8.288
Total,Q2 2022,6704000000,6.704
Total,Q3 2022,5931000000,5.931
Total,Q4 2022,6051000000,6.051
Total,Q1 2023,7192000000,7.192
Total,Q2 2023,13507000000,13.507
Total,Q3 2023,18120000000,18.12
Total,Q4 2023,22103000000,22.103
Total,Q1 2024,26044000000,26.044
Total,Q2 2024,30040000000,30.04
Total,Q3 2024,35082000000,35.082
Total,Q4 2024,39331000000,39.331
Total,Q1 2025,44062000000,44.062
Total,Q2 2025,46743000000,46.743
Total,Q3 2025,57006000000,57.006
Total,Q4 2025,68127000000,68.127
Total,Q1 2026,81615000000,81.615
